api,family,operation_id,http,mutating,google_tools,connector_tools,covered_by
calendar,acl,calendar.acl.delete,DELETE,yes,,,neither
calendar,acl,calendar.acl.get,GET,,,,neither
calendar,acl,calendar.acl.insert,POST,yes,,,neither
calendar,acl,calendar.acl.list,GET,,,,neither
calendar,acl,calendar.acl.patch,PATCH,yes,,,neither
calendar,acl,calendar.acl.update,PUT,yes,,,neither
calendar,acl,calendar.acl.watch,POST,yes,,,neither
calendar,calendarList,calendar.calendarList.delete,DELETE,yes,,,neither
calendar,calendarList,calendar.calendarList.get,GET,,,,neither
calendar,calendarList,calendar.calendarList.insert,POST,yes,,,neither
calendar,calendarList,calendar.calendarList.list,GET,,list_calendars,list_calendars,both
calendar,calendarList,calendar.calendarList.patch,PATCH,yes,,,neither
calendar,calendarList,calendar.calendarList.update,PUT,yes,,,neither
calendar,calendarList,calendar.calendarList.watch,POST,yes,,,neither
calendar,calendars,calendar.calendars.clear,POST,yes,,,neither
calendar,calendars,calendar.calendars.delete,DELETE,yes,,,neither
calendar,calendars,calendar.calendars.get,GET,,,,neither
calendar,calendars,calendar.calendars.insert,POST,yes,,,neither
calendar,calendars,calendar.calendars.patch,PATCH,yes,,,neither
calendar,calendars,calendar.calendars.transferOwnership,POST,yes,,,neither
calendar,calendars,calendar.calendars.update,PUT,yes,,,neither
calendar,channels,calendar.channels.stop,POST,yes,,,neither
calendar,colors,calendar.colors.get,GET,,,,neither
calendar,events,calendar.events.delete,DELETE,yes,delete_event,delete_event,both
calendar,events,calendar.events.get,GET,,get_event,get_event,both
calendar,events,calendar.events.import,POST,yes,,,neither
calendar,events,calendar.events.insert,POST,yes,create_event,create_event,both
calendar,events,calendar.events.instances,GET,,,,neither
calendar,events,calendar.events.list,GET,,list_events,list_events,both
calendar,events,calendar.events.move,POST,yes,,,neither
calendar,events,calendar.events.patch,PATCH,yes,respond_to_event update_event,respond_to_event update_event,both
calendar,events,calendar.events.quickAdd,POST,yes,,,neither
calendar,events,calendar.events.update,PUT,yes,,,neither
calendar,events,calendar.events.watch,POST,yes,,,neither
calendar,freebusy,calendar.freebusy.query,POST,yes,suggest_time,suggest_time,both
calendar,settings,calendar.settings.get,GET,,,,neither
calendar,settings,calendar.settings.list,GET,,,,neither
calendar,settings,calendar.settings.watch,POST,yes,,,neither
gmail,users,gmail.users.getProfile,GET,,,,neither
gmail,users,gmail.users.stop,POST,yes,,,neither
gmail,users,gmail.users.watch,POST,yes,,,neither
gmail,users.drafts,gmail.users.drafts.create,POST,yes,create_draft,create_draft,both
gmail,users.drafts,gmail.users.drafts.delete,DELETE,yes,,,neither
gmail,users.drafts,gmail.users.drafts.get,GET,,get_draft,get_draft,both
gmail,users.drafts,gmail.users.drafts.list,GET,,list_drafts,list_drafts,both
gmail,users.drafts,gmail.users.drafts.send,POST,yes,,send_message,connector-only
gmail,users.drafts,gmail.users.drafts.update,PUT,yes,,update_draft,connector-only
gmail,users.history,gmail.users.history.list,GET,,,,neither
gmail,users.labels,gmail.users.labels.create,POST,yes,create_label,create_label,both
gmail,users.labels,gmail.users.labels.delete,DELETE,yes,,delete_label,connector-only
gmail,users.labels,gmail.users.labels.get,GET,,,,neither
gmail,users.labels,gmail.users.labels.list,GET,,list_labels,list_labels,both
gmail,users.labels,gmail.users.labels.patch,PATCH,yes,,update_label,connector-only
gmail,users.labels,gmail.users.labels.update,PUT,yes,,,neither
gmail,users.messages,gmail.users.messages.batchDelete,POST,yes,,,neither
gmail,users.messages,gmail.users.messages.batchModify,POST,yes,,,neither
gmail,users.messages,gmail.users.messages.delete,DELETE,yes,,,neither
gmail,users.messages,gmail.users.messages.get,GET,,get_message,get_message,both
gmail,users.messages,gmail.users.messages.import,POST,yes,,,neither
gmail,users.messages,gmail.users.messages.insert,POST,yes,,,neither
gmail,users.messages,gmail.users.messages.list,GET,,,,neither
gmail,users.messages,gmail.users.messages.modify,POST,yes,apply_sensitive_message_label label_message mark_message_spam unlabel_message unmark_message_spam update_message_labels,apply_sensitive_message_label label_message mark_message_spam unlabel_message unmark_message_spam update_message_labels,both
gmail,users.messages,gmail.users.messages.send,POST,yes,,forward reply send_message,connector-only
gmail,users.messages,gmail.users.messages.trash,POST,yes,apply_sensitive_message_label trash_message,apply_sensitive_message_label trash_message,both
gmail,users.messages,gmail.users.messages.untrash,POST,yes,untrash_message,untrash_message,both
gmail,users.messages.attachments,gmail.users.messages.attachments.get,GET,,,,neither
gmail,users.settings,gmail.users.settings.getAutoForwarding,GET,,,,neither
gmail,users.settings,gmail.users.settings.getImap,GET,,,,neither
gmail,users.settings,gmail.users.settings.getLanguage,GET,,,,neither
gmail,users.settings,gmail.users.settings.getPop,GET,,,,neither
gmail,users.settings,gmail.users.settings.getVacation,GET,,,,neither
gmail,users.settings,gmail.users.settings.updateAutoForwarding,PUT,yes,,,neither
gmail,users.settings,gmail.users.settings.updateImap,PUT,yes,,,neither
gmail,users.settings,gmail.users.settings.updateLanguage,PUT,yes,,,neither
gmail,users.settings,gmail.users.settings.updatePop,PUT,yes,,,neither
gmail,users.settings,gmail.users.settings.updateVacation,PUT,yes,,,neither
gmail,users.settings.cse.identities,gmail.users.settings.cse.identities.create,POST,yes,,,neither
gmail,users.settings.cse.identities,gmail.users.settings.cse.identities.delete,DELETE,yes,,,neither
gmail,users.settings.cse.identities,gmail.users.settings.cse.identities.get,GET,,,,neither
gmail,users.settings.cse.identities,gmail.users.settings.cse.identities.list,GET,,,,neither
gmail,users.settings.cse.identities,gmail.users.settings.cse.identities.patch,PATCH,yes,,,neither
gmail,users.settings.cse.keypairs,gmail.users.settings.cse.keypairs.create,POST,yes,,,neither
gmail,users.settings.cse.keypairs,gmail.users.settings.cse.keypairs.disable,POST,yes,,,neither
gmail,users.settings.cse.keypairs,gmail.users.settings.cse.keypairs.enable,POST,yes,,,neither
gmail,users.settings.cse.keypairs,gmail.users.settings.cse.keypairs.get,GET,,,,neither
gmail,users.settings.cse.keypairs,gmail.users.settings.cse.keypairs.list,GET,,,,neither
gmail,users.settings.cse.keypairs,gmail.users.settings.cse.keypairs.obliterate,POST,yes,,,neither
gmail,users.settings.delegates,gmail.users.settings.delegates.create,POST,yes,,,neither
gmail,users.settings.delegates,gmail.users.settings.delegates.delete,DELETE,yes,,,neither
gmail,users.settings.delegates,gmail.users.settings.delegates.get,GET,,,,neither
gmail,users.settings.delegates,gmail.users.settings.delegates.list,GET,,,,neither
gmail,users.settings.filters,gmail.users.settings.filters.create,POST,yes,,,neither
gmail,users.settings.filters,gmail.users.settings.filters.delete,DELETE,yes,,,neither
gmail,users.settings.filters,gmail.users.settings.filters.get,GET,,,,neither
gmail,users.settings.filters,gmail.users.settings.filters.list,GET,,,,neither
gmail,users.settings.forwardingAddresses,gmail.users.settings.forwardingAddresses.create,POST,yes,,,neither
gmail,users.settings.forwardingAddresses,gmail.users.settings.forwardingAddresses.delete,DELETE,yes,,,neither
gmail,users.settings.forwardingAddresses,gmail.users.settings.forwardingAddresses.get,GET,,,,neither
gmail,users.settings.forwardingAddresses,gmail.users.settings.forwardingAddresses.list,GET,,,,neither
gmail,users.settings.sendAs,gmail.users.settings.sendAs.create,POST,yes,,,neither
gmail,users.settings.sendAs,gmail.users.settings.sendAs.delete,DELETE,yes,,,neither
gmail,users.settings.sendAs,gmail.users.settings.sendAs.get,GET,,,,neither
gmail,users.settings.sendAs,gmail.users.settings.sendAs.list,GET,,,,neither
gmail,users.settings.sendAs,gmail.users.settings.sendAs.patch,PATCH,yes,,,neither
gmail,users.settings.sendAs,gmail.users.settings.sendAs.update,PUT,yes,,,neither
gmail,users.settings.sendAs,gmail.users.settings.sendAs.verify,POST,yes,,,neither
gmail,users.settings.sendAs.smimeInfo,gmail.users.settings.sendAs.smimeInfo.delete,DELETE,yes,,,neither
gmail,users.settings.sendAs.smimeInfo,gmail.users.settings.sendAs.smimeInfo.get,GET,,,,neither
gmail,users.settings.sendAs.smimeInfo,gmail.users.settings.sendAs.smimeInfo.insert,POST,yes,,,neither
gmail,users.settings.sendAs.smimeInfo,gmail.users.settings.sendAs.smimeInfo.list,GET,,,,neither
gmail,users.settings.sendAs.smimeInfo,gmail.users.settings.sendAs.smimeInfo.setDefault,POST,yes,,,neither
gmail,users.threads,gmail.users.threads.delete,DELETE,yes,,,neither
gmail,users.threads,gmail.users.threads.get,GET,,get_thread,get_thread,both
gmail,users.threads,gmail.users.threads.list,GET,,search_threads,search_threads,both
gmail,users.threads,gmail.users.threads.modify,POST,yes,apply_sensitive_thread_label label_thread mark_thread_spam unlabel_thread unmark_thread_spam,apply_sensitive_thread_label label_thread mark_thread_spam unlabel_thread unmark_thread_spam,both
gmail,users.threads,gmail.users.threads.trash,POST,yes,apply_sensitive_thread_label trash_thread,apply_sensitive_thread_label trash_thread,both
gmail,users.threads,gmail.users.threads.untrash,POST,yes,untrash_thread,untrash_thread,both
