api,family,method,http,path,operation_id,mutating,paging,deprecated,media_download,media_upload,scopes,narrowest_scope,summary
calendar,acl,delete,DELETE,calendars/{calendarId}/acl/{ruleId},calendar.acl.delete,yes,,,,,calendar calendar.acls,https://www.googleapis.com/auth/calendar.acls,Deletes an access control rule.
calendar,acl,get,GET,calendars/{calendarId}/acl/{ruleId},calendar.acl.get,,,,,,calendar calendar.acls calendar.acls.readonly calendar.readonly,https://www.googleapis.com/auth/calendar.readonly,Returns an access control rule.
calendar,acl,insert,POST,calendars/{calendarId}/acl,calendar.acl.insert,yes,,,,,calendar calendar.acls,https://www.googleapis.com/auth/calendar.acls,Creates an access control rule.
calendar,acl,list,GET,calendars/{calendarId}/acl,calendar.acl.list,,cursor,,,,calendar calendar.acls calendar.acls.readonly,https://www.googleapis.com/auth/calendar.acls.readonly,Returns the rules in the access control list for the calendar.
calendar,acl,patch,PATCH,calendars/{calendarId}/acl/{ruleId},calendar.acl.patch,yes,,,,,calendar calendar.acls,https://www.googleapis.com/auth/calendar.acls,Updates an access control rule. This method supports patch semantics.
calendar,acl,update,PUT,calendars/{calendarId}/acl/{ruleId},calendar.acl.update,yes,,,,,calendar calendar.acls,https://www.googleapis.com/auth/calendar.acls,Updates an access control rule.
calendar,acl,watch,POST,calendars/{calendarId}/acl/watch,calendar.acl.watch,yes,cursor,,,,calendar calendar.acls calendar.acls.readonly,https://www.googleapis.com/auth/calendar.acls.readonly,Watch for changes to ACL resources.
calendar,calendarList,delete,DELETE,users/me/calendarList/{calendarId},calendar.calendarList.delete,yes,,,,,calendar calendar.app.created calendar.calendarlist,https://www.googleapis.com/auth/calendar.calendarlist,Removes a calendar from the user's calendar list.
calendar,calendarList,get,GET,users/me/calendarList/{calendarId},calendar.calendarList.get,,,,,,calendar calendar.app.created calendar.calendarlist calendar.calendarlist.readonly calendar.readonly,https://www.googleapis.com/auth/calendar.calendarlist.readonly,Returns a calendar from the user's calendar list.
calendar,calendarList,insert,POST,users/me/calendarList,calendar.calendarList.insert,yes,,,,,calendar calendar.calendarlist,https://www.googleapis.com/auth/calendar.calendarlist,Inserts an existing calendar into the user's calendar list.
calendar,calendarList,list,GET,users/me/calendarList,calendar.calendarList.list,,cursor,,,,calendar calendar.calendarlist calendar.calendarlist.readonly calendar.readonly,https://www.googleapis.com/auth/calendar.calendarlist.readonly,Returns the calendars on the user's calendar list.
calendar,calendarList,patch,PATCH,users/me/calendarList/{calendarId},calendar.calendarList.patch,yes,,,,,calendar calendar.app.created calendar.calendarlist,https://www.googleapis.com/auth/calendar.calendarlist,Updates an existing calendar on the user's calendar list. This method supports patch semantics.
calendar,calendarList,update,PUT,users/me/calendarList/{calendarId},calendar.calendarList.update,yes,,,,,calendar calendar.app.created calendar.calendarlist,https://www.googleapis.com/auth/calendar.calendarlist,Updates an existing calendar on the user's calendar list.
calendar,calendarList,watch,POST,users/me/calendarList/watch,calendar.calendarList.watch,yes,cursor,,,,calendar calendar.calendarlist calendar.calendarlist.readonly calendar.readonly,https://www.googleapis.com/auth/calendar.calendarlist.readonly,Watch for changes to CalendarList resources.
calendar,calendars,clear,POST,calendars/{calendarId}/clear,calendar.calendars.clear,yes,,,,,calendar calendar.calendars,https://www.googleapis.com/auth/calendar.calendars,Clears a primary calendar. This operation deletes all events associated with the primary calendar of an account.
calendar,calendars,delete,DELETE,calendars/{calendarId},calendar.calendars.delete,yes,,,,,calendar calendar.app.created calendar.calendars,https://www.googleapis.com/auth/calendar.calendars,Deletes a secondary calendar. Use calendars.clear for clearing all events on primary calendars.
calendar,calendars,get,GET,calendars/{calendarId},calendar.calendars.get,,,,,,calendar calendar.app.created calendar.calendars calendar.calendars.readonly calendar.readonly,https://www.googleapis.com/auth/calendar.calendars.readonly,Returns metadata for a calendar.
calendar,calendars,insert,POST,calendars,calendar.calendars.insert,yes,,,,,calendar calendar.app.created calendar.calendars,https://www.googleapis.com/auth/calendar.calendars,Creates a secondary calendar. The authenticated user for the request is made the data owner of the new calendar.  Note: We recommend to authenticate as the intended data owner of the calendar. You can use domain-wide delegation of authority to allow applications to act on behalf of a specific user. 
calendar,calendars,patch,PATCH,calendars/{calendarId},calendar.calendars.patch,yes,,,,,calendar calendar.app.created calendar.calendars,https://www.googleapis.com/auth/calendar.calendars,Updates metadata for a calendar. This method supports patch semantics.
calendar,calendars,transferOwnership,POST,calendars/{calendarId}/transferOwnership,calendar.calendars.transferOwnership,yes,,,,,calendar calendar.calendars,https://www.googleapis.com/auth/calendar.calendars,"Transfers a secondary calendar between users within a Google Workspace organization. Requires user authentication with Manage Calendars administrator privilege, and one of the following authorization scopes:  - https://www.googleapis.com/auth/calendar  - https://www.googleapis.com/auth/calendar.cale"
calendar,calendars,update,PUT,calendars/{calendarId},calendar.calendars.update,yes,,,,,calendar calendar.app.created calendar.calendars,https://www.googleapis.com/auth/calendar.calendars,Updates metadata for a calendar.
calendar,channels,stop,POST,channels/stop,calendar.channels.stop,yes,,,,,calendar calendar.acls calendar.acls.readonly calendar.app.created calendar.calendarlist calendar.calendarlist.readonly calendar.events calendar.events.freebusy calendar.events.owned calendar.events.owned.readonly calendar.events.public.readonly calendar.events.readonly calendar.readonly calendar.settings.readonly,https://www.googleapis.com/auth/calendar.events.public.readonly,Stop watching resources through this channel
calendar,colors,get,GET,colors,calendar.colors.get,,,,,,calendar calendar.app.created calendar.calendarlist calendar.calendarlist.readonly calendar.events.freebusy calendar.events.owned calendar.events.owned.readonly calendar.events.public.readonly calendar.readonly,https://www.googleapis.com/auth/calendar.events.public.readonly,Returns the color definitions for calendars and events.
calendar,events,delete,DELETE,calendars/{calendarId}/events/{eventId},calendar.events.delete,yes,,,,,calendar calendar.app.created calendar.events calendar.events.owned,https://www.googleapis.com/auth/calendar.events.owned,Deletes an event.
calendar,events,get,GET,calendars/{calendarId}/events/{eventId},calendar.events.get,,,,,,calendar calendar.app.created calendar.events calendar.events.freebusy calendar.events.owned calendar.events.owned.readonly calendar.events.public.readonly calendar.events.readonly calendar.readonly,https://www.googleapis.com/auth/calendar.events.public.readonly,"Returns an event based on its Google Calendar ID. To retrieve an event using its iCalendar ID, call the events.list method using the iCalUID parameter."
calendar,events,import,POST,calendars/{calendarId}/events/import,calendar.events.import,yes,,yes,,,calendar calendar.app.created calendar.events calendar.events.owned,https://www.googleapis.com/auth/calendar.events.owned,"Imports an event. This operation is used to add a private copy of an existing event to a calendar. Only events with an eventType of default may be imported. Deprecated behavior: If a non-default event is imported, its type will be changed to default and any event-type-specific properties it may have"
calendar,events,insert,POST,calendars/{calendarId}/events,calendar.events.insert,yes,,,,,calendar calendar.app.created calendar.events calendar.events.owned,https://www.googleapis.com/auth/calendar.events.owned,Creates an event.
calendar,events,instances,GET,calendars/{calendarId}/events/{eventId}/instances,calendar.events.instances,,cursor,,,,calendar calendar.app.created calendar.events calendar.events.freebusy calendar.events.owned calendar.events.owned.readonly calendar.events.public.readonly calendar.events.readonly calendar.readonly,https://www.googleapis.com/auth/calendar.events.public.readonly,Returns instances of the specified recurring event.
calendar,events,list,GET,calendars/{calendarId}/events,calendar.events.list,,cursor,,,,calendar calendar.app.created calendar.events calendar.events.freebusy calendar.events.owned calendar.events.owned.readonly calendar.events.public.readonly calendar.events.readonly calendar.readonly,https://www.googleapis.com/auth/calendar.events.public.readonly,Returns events on the specified calendar.
calendar,events,move,POST,calendars/{calendarId}/events/{eventId}/move,calendar.events.move,yes,,,,,calendar calendar.events calendar.events.owned,https://www.googleapis.com/auth/calendar.events.owned,"Moves an event to another calendar, i.e. changes an event's organizer. Note that only default events can be moved; birthday, focusTime, fromGmail, outOfOffice and workingLocation events cannot be moved."
calendar,events,patch,PATCH,calendars/{calendarId}/events/{eventId},calendar.events.patch,yes,,,,,calendar calendar.app.created calendar.events calendar.events.owned,https://www.googleapis.com/auth/calendar.events.owned,Updates an event. This method supports patch semantics.
calendar,events,quickAdd,POST,calendars/{calendarId}/events/quickAdd,calendar.events.quickAdd,yes,,,,,calendar calendar.app.created calendar.events calendar.events.owned,https://www.googleapis.com/auth/calendar.events.owned,Creates an event based on a simple text string.
calendar,events,update,PUT,calendars/{calendarId}/events/{eventId},calendar.events.update,yes,,,,,calendar calendar.app.created calendar.events calendar.events.owned,https://www.googleapis.com/auth/calendar.events.owned,Updates an event.
calendar,events,watch,POST,calendars/{calendarId}/events/watch,calendar.events.watch,yes,cursor,,,,calendar calendar.app.created calendar.events calendar.events.freebusy calendar.events.owned calendar.events.owned.readonly calendar.events.public.readonly calendar.events.readonly calendar.readonly,https://www.googleapis.com/auth/calendar.events.public.readonly,Watch for changes to Events resources.
calendar,freebusy,query,POST,freeBusy,calendar.freebusy.query,yes,,,,,calendar calendar.events.freebusy calendar.freebusy calendar.readonly,https://www.googleapis.com/auth/calendar.events.freebusy,Returns free/busy information for a set of calendars.
calendar,settings,get,GET,users/me/settings/{setting},calendar.settings.get,,,,,,calendar calendar.readonly calendar.settings.readonly,https://www.googleapis.com/auth/calendar.settings.readonly,Returns a single user setting.
calendar,settings,list,GET,users/me/settings,calendar.settings.list,,cursor,,,,calendar calendar.readonly calendar.settings.readonly,https://www.googleapis.com/auth/calendar.settings.readonly,Returns all user settings for the authenticated user.
calendar,settings,watch,POST,users/me/settings/watch,calendar.settings.watch,yes,cursor,,,,calendar calendar.readonly calendar.settings.readonly,https://www.googleapis.com/auth/calendar.settings.readonly,Watch for changes to Settings resources.
gmail,users,getProfile,GET,gmail/v1/users/{userId}/profile,gmail.users.getProfile,,,,,,https://mail.google.com/ gmail.compose gmail.metadata gmail.modify gmail.readonly,https://www.googleapis.com/auth/gmail.metadata,Gets the current user's Gmail profile.
gmail,users,stop,POST,gmail/v1/users/{userId}/stop,gmail.users.stop,yes,,,,,https://mail.google.com/ gmail.metadata gmail.modify gmail.readonly,https://www.googleapis.com/auth/gmail.metadata,"Turn off push notification delivery for the given user mailbox. For more information, see [Configure push notifications in Gmail API](https://developers.google.com/workspace/gmail/api/guides/push)."
gmail,users,watch,POST,gmail/v1/users/{userId}/watch,gmail.users.watch,yes,,,,,https://mail.google.com/ gmail.metadata gmail.modify gmail.readonly,https://www.googleapis.com/auth/gmail.metadata,"Set up or update a push notification watch on the given user mailbox. For more information, see [Configure push notifications in Gmail API](https://developers.google.com/workspace/gmail/api/guides/push)."
gmail,users.drafts,create,POST,gmail/v1/users/{userId}/drafts,gmail.users.drafts.create,yes,,,,yes,https://mail.google.com/ gmail.addons.current.action.compose gmail.compose gmail.modify,https://www.googleapis.com/auth/gmail.compose,"Creates a draft with the `DRAFT` label. For more information, see [Create and send draft emails](https://developers.google.com/workspace/gmail/api/guides/drafts)."
gmail,users.drafts,delete,DELETE,gmail/v1/users/{userId}/drafts/{id},gmail.users.drafts.delete,yes,,,,,https://mail.google.com/ gmail.addons.current.action.compose gmail.compose gmail.modify,https://www.googleapis.com/auth/gmail.compose,"Immediately and permanently deletes the specified draft. Does not simply trash it. For more information, see [Create and send draft emails](https://developers.google.com/workspace/gmail/api/guides/drafts)."
gmail,users.drafts,get,GET,gmail/v1/users/{userId}/drafts/{id},gmail.users.drafts.get,,,,,,https://mail.google.com/ gmail.compose gmail.modify gmail.readonly,https://www.googleapis.com/auth/gmail.readonly,"Gets the specified draft. For more information, see [Create and send draft emails](https://developers.google.com/workspace/gmail/api/guides/drafts)."
gmail,users.drafts,list,GET,gmail/v1/users/{userId}/drafts,gmail.users.drafts.list,,cursor,,,,https://mail.google.com/ gmail.compose gmail.modify gmail.readonly,https://www.googleapis.com/auth/gmail.readonly,"Lists the drafts in the user's mailbox. For more information, see [Create and send draft emails](https://developers.google.com/workspace/gmail/api/guides/drafts)."
gmail,users.drafts,send,POST,gmail/v1/users/{userId}/drafts/send,gmail.users.drafts.send,yes,,,,yes,https://mail.google.com/ gmail.addons.current.action.compose gmail.compose gmail.modify,https://www.googleapis.com/auth/gmail.compose,"Sends the specified, existing draft to the recipients in the `To`, `Cc`, and `Bcc` headers. For more information, see [Create and send draft emails](https://developers.google.com/workspace/gmail/api/guides/drafts)."
gmail,users.drafts,update,PUT,gmail/v1/users/{userId}/drafts/{id},gmail.users.drafts.update,yes,,,,yes,https://mail.google.com/ gmail.addons.current.action.compose gmail.compose gmail.modify,https://www.googleapis.com/auth/gmail.compose,"Replaces a draft's content. For more information, see [Create and send draft emails](https://developers.google.com/workspace/gmail/api/guides/drafts)."
gmail,users.history,list,GET,gmail/v1/users/{userId}/history,gmail.users.history.list,,cursor,,,,https://mail.google.com/ gmail.metadata gmail.modify gmail.readonly,https://www.googleapis.com/auth/gmail.metadata,"Lists the history of all changes to the given mailbox. History results are returned in chronological order (increasing `historyId`). For more information, see [Synchronize clients with Gmail](https://developers.google.com/workspace/gmail/api/guides/sync)."
gmail,users.labels,create,POST,gmail/v1/users/{userId}/labels,gmail.users.labels.create,yes,,,,,https://mail.google.com/ gmail.labels gmail.modify,https://www.googleapis.com/auth/gmail.labels,"Creates a label. For more information, see [Manage labels](https://developers.google.com/workspace/gmail/api/guides/labels)."
gmail,users.labels,delete,DELETE,gmail/v1/users/{userId}/labels/{id},gmail.users.labels.delete,yes,,,,,https://mail.google.com/ gmail.labels gmail.modify,https://www.googleapis.com/auth/gmail.labels,"Immediately and permanently deletes the specified label and removes it from any messages and threads that it's applied to. For more information, see [Manage labels](https://developers.google.com/workspace/gmail/api/guides/labels)."
gmail,users.labels,get,GET,gmail/v1/users/{userId}/labels/{id},gmail.users.labels.get,,,,,,https://mail.google.com/ gmail.labels gmail.metadata gmail.modify gmail.readonly,https://www.googleapis.com/auth/gmail.metadata,"Gets the specified label. For more information, see [Manage labels](https://developers.google.com/workspace/gmail/api/guides/labels)."
gmail,users.labels,list,GET,gmail/v1/users/{userId}/labels,gmail.users.labels.list,,,,,,https://mail.google.com/ gmail.labels gmail.metadata gmail.modify gmail.readonly,https://www.googleapis.com/auth/gmail.metadata,"Lists all labels in the user's mailbox. For more information, see [Manage labels](https://developers.google.com/workspace/gmail/api/guides/labels)."
gmail,users.labels,patch,PATCH,gmail/v1/users/{userId}/labels/{id},gmail.users.labels.patch,yes,,,,,https://mail.google.com/ gmail.labels gmail.modify,https://www.googleapis.com/auth/gmail.labels,"Patch the specified label. For more information, see [Manage labels](https://developers.google.com/workspace/gmail/api/guides/labels)."
gmail,users.labels,update,PUT,gmail/v1/users/{userId}/labels/{id},gmail.users.labels.update,yes,,,,,https://mail.google.com/ gmail.labels gmail.modify,https://www.googleapis.com/auth/gmail.labels,"Updates the specified label. For more information, see [Manage labels](https://developers.google.com/workspace/gmail/api/guides/labels)."
gmail,users.messages,batchDelete,POST,gmail/v1/users/{userId}/messages/batchDelete,gmail.users.messages.batchDelete,yes,,,,,https://mail.google.com/,https://mail.google.com/,Deletes many messages by message ID. Provides no guarantees that messages were not already deleted or even existed at all.
gmail,users.messages,batchModify,POST,gmail/v1/users/{userId}/messages/batchModify,gmail.users.messages.batchModify,yes,,,,,https://mail.google.com/ gmail.modify,https://www.googleapis.com/auth/gmail.modify,"Modifies the labels and the Classification Label values on the specified messages. For administrators modifying messages for users in their organization, requests require authorization with a [service account](https://developers.google.com/identity/protocols/OAuth2ServiceAccount) that has [domain-wi"
gmail,users.messages,delete,DELETE,gmail/v1/users/{userId}/messages/{id},gmail.users.messages.delete,yes,,,,,https://mail.google.com/,https://mail.google.com/,Immediately and permanently deletes the specified message. This operation cannot be undone. Prefer `messages.trash` instead.
gmail,users.messages,get,GET,gmail/v1/users/{userId}/messages/{id},gmail.users.messages.get,,,,,,https://mail.google.com/ gmail.addons.current.message.action gmail.addons.current.message.metadata gmail.addons.current.message.readonly gmail.metadata gmail.modify gmail.readonly,https://www.googleapis.com/auth/gmail.metadata,Gets the specified message.
gmail,users.messages,import,POST,gmail/v1/users/{userId}/messages/import,gmail.users.messages.import,yes,,,,yes,https://mail.google.com/ gmail.insert gmail.modify,https://www.googleapis.com/auth/gmail.insert,"Imports a message into only this user's mailbox, with standard email delivery scanning and classification similar to receiving via SMTP. This method doesn't perform SPF checks, so it might not work for some spam messages, such as those attempting to perform domain spoofing. This method does not send"
gmail,users.messages,insert,POST,gmail/v1/users/{userId}/messages,gmail.users.messages.insert,yes,,,,yes,https://mail.google.com/ gmail.insert gmail.modify,https://www.googleapis.com/auth/gmail.insert,"Directly inserts a message into only this user's mailbox similar to `IMAP APPEND`, bypassing most scanning and classification. Does not send a message. For more information, see [Create and send email messages](https://developers.google.com/workspace/gmail/api/guides/sending)."
gmail,users.messages,list,GET,gmail/v1/users/{userId}/messages,gmail.users.messages.list,,cursor,,,,https://mail.google.com/ gmail.metadata gmail.modify gmail.readonly,https://www.googleapis.com/auth/gmail.metadata,"Lists the messages in the user's mailbox. For more information, see [List Gmail messages](https://developers.google.com/workspace/gmail/api/guides/list-messages)."
gmail,users.messages,modify,POST,gmail/v1/users/{userId}/messages/{id}/modify,gmail.users.messages.modify,yes,,,,,https://mail.google.com/ gmail.modify,https://www.googleapis.com/auth/gmail.modify,"Modifies the labels and the Classification Label values on the specified message. For administrators modifying message for users in their organization, requests require authorization with a [service account](https://developers.google.com/identity/protocols/OAuth2ServiceAccount) that has [domain-wide"
gmail,users.messages,send,POST,gmail/v1/users/{userId}/messages/send,gmail.users.messages.send,yes,,,,yes,https://mail.google.com/ gmail.addons.current.action.compose gmail.compose gmail.modify gmail.send,https://www.googleapis.com/auth/gmail.send,"Sends the specified message to the recipients in the `To`, `Cc`, and `Bcc` headers. For more information, see [Create and send email messages](https://developers.google.com/workspace/gmail/api/guides/sending)."
gmail,users.messages,trash,POST,gmail/v1/users/{userId}/messages/{id}/trash,gmail.users.messages.trash,yes,,,,,https://mail.google.com/ gmail.modify,https://www.googleapis.com/auth/gmail.modify,Moves the specified message to the trash.
gmail,users.messages,untrash,POST,gmail/v1/users/{userId}/messages/{id}/untrash,gmail.users.messages.untrash,yes,,,,,https://mail.google.com/ gmail.modify,https://www.googleapis.com/auth/gmail.modify,Removes the specified message from the trash.
gmail,users.messages.attachments,get,GET,gmail/v1/users/{userId}/messages/{messageId}/attachments/{id},gmail.users.messages.attachments.get,,,,,,https://mail.google.com/ gmail.addons.current.message.action gmail.addons.current.message.readonly gmail.modify gmail.readonly,https://www.googleapis.com/auth/gmail.readonly,Gets the specified message attachment.
gmail,users.settings,getAutoForwarding,GET,gmail/v1/users/{userId}/settings/autoForwarding,gmail.users.settings.getAutoForwarding,,,,,,https://mail.google.com/ gmail.modify gmail.readonly gmail.settings.basic,https://www.googleapis.com/auth/gmail.readonly,"Gets the auto-forwarding setting for the specified account. For more information, see [Manage email forwarding](https://developers.google.com/workspace/gmail/api/guides/forwarding_settings)."
gmail,users.settings,getImap,GET,gmail/v1/users/{userId}/settings/imap,gmail.users.settings.getImap,,,,,,https://mail.google.com/ gmail.modify gmail.readonly gmail.settings.basic,https://www.googleapis.com/auth/gmail.readonly,"Gets IMAP settings. For more information, see [Configure POP and IMAP settings with the Gmail API](https://developers.google.com/workspace/gmail/api/guides/pop_imap_settings)."
gmail,users.settings,getLanguage,GET,gmail/v1/users/{userId}/settings/language,gmail.users.settings.getLanguage,,,,,,https://mail.google.com/ gmail.modify gmail.readonly gmail.settings.basic,https://www.googleapis.com/auth/gmail.readonly,"Gets language settings. For more information, see [Manage language settings](https://developers.google.com/workspace/gmail/api/guides/language-settings)."
gmail,users.settings,getPop,GET,gmail/v1/users/{userId}/settings/pop,gmail.users.settings.getPop,,,,,,https://mail.google.com/ gmail.modify gmail.readonly gmail.settings.basic,https://www.googleapis.com/auth/gmail.readonly,"Gets POP settings. For more information, see [Configure POP and IMAP settings with the Gmail API](https://developers.google.com/workspace/gmail/api/guides/pop_imap_settings)."
gmail,users.settings,getVacation,GET,gmail/v1/users/{userId}/settings/vacation,gmail.users.settings.getVacation,,,,,,https://mail.google.com/ gmail.modify gmail.readonly gmail.settings.basic,https://www.googleapis.com/auth/gmail.readonly,"Gets vacation responder settings. For more information, see [Manage vacation settings with the Gmail API](https://developers.google.com/workspace/gmail/api/guides/vacation_settings)."
gmail,users.settings,updateAutoForwarding,PUT,gmail/v1/users/{userId}/settings/autoForwarding,gmail.users.settings.updateAutoForwarding,yes,,,,,gmail.settings.sharing,https://www.googleapis.com/auth/gmail.settings.sharing,"Updates the auto-forwarding setting for the specified account. A verified forwarding address must be specified when auto-forwarding is enabled. For more information, see [Manage email forwarding](https://developers.google.com/workspace/gmail/api/guides/forwarding_settings). This method is only avail"
gmail,users.settings,updateImap,PUT,gmail/v1/users/{userId}/settings/imap,gmail.users.settings.updateImap,yes,,,,,gmail.settings.basic,https://www.googleapis.com/auth/gmail.settings.basic,"Updates IMAP settings. For more information, see [Configure POP and IMAP settings with the Gmail API](https://developers.google.com/workspace/gmail/api/guides/pop_imap_settings)."
gmail,users.settings,updateLanguage,PUT,gmail/v1/users/{userId}/settings/language,gmail.users.settings.updateLanguage,yes,,,,,gmail.settings.basic,https://www.googleapis.com/auth/gmail.settings.basic,"Updates language settings. For more information, see [Manage language settings](https://developers.google.com/workspace/gmail/api/guides/language-settings). If successful, the return object contains the `displayLanguage` that was saved for the user, which may differ from the value passed into the re"
gmail,users.settings,updatePop,PUT,gmail/v1/users/{userId}/settings/pop,gmail.users.settings.updatePop,yes,,,,,gmail.settings.basic,https://www.googleapis.com/auth/gmail.settings.basic,"Updates POP settings. For more information, see [Configure POP and IMAP settings with the Gmail API](https://developers.google.com/workspace/gmail/api/guides/pop_imap_settings)."
gmail,users.settings,updateVacation,PUT,gmail/v1/users/{userId}/settings/vacation,gmail.users.settings.updateVacation,yes,,,,,gmail.settings.basic,https://www.googleapis.com/auth/gmail.settings.basic,"Updates vacation responder settings. For more information, see [Manage vacation settings with the Gmail API](https://developers.google.com/workspace/gmail/api/guides/vacation_settings)."
gmail,users.settings.cse.identities,create,POST,gmail/v1/users/{userId}/settings/cse/identities,gmail.users.settings.cse.identities.create,yes,,,,,gmail.settings.basic gmail.settings.sharing,https://www.googleapis.com/auth/gmail.settings.basic,Creates and configures a client-side encryption identity that's authorized to send mail from the user account. Google publishes the S/MIME certificate to a shared domain-wide directory so that people within a Google Workspace organization can encrypt and send mail to the identity. For administrators
gmail,users.settings.cse.identities,delete,DELETE,gmail/v1/users/{userId}/settings/cse/identities/{cseEmailAddress},gmail.users.settings.cse.identities.delete,yes,,,,,gmail.settings.basic gmail.settings.sharing,https://www.googleapis.com/auth/gmail.settings.basic,"Deletes a client-side encryption identity. The authenticated user can no longer use the identity to send encrypted messages. You cannot restore the identity after you delete it. Instead, use the CreateCseIdentity method to create another identity with the same configuration. For administrators manag"
gmail,users.settings.cse.identities,get,GET,gmail/v1/users/{userId}/settings/cse/identities/{cseEmailAddress},gmail.users.settings.cse.identities.get,,,,,,https://mail.google.com/ gmail.modify gmail.readonly gmail.settings.basic gmail.settings.sharing,https://www.googleapis.com/auth/gmail.readonly,"Retrieves a client-side encryption identity configuration. For administrators managing identities and keypairs for users in their organization, requests require authorization with a [service account](https://developers.google.com/identity/protocols/OAuth2ServiceAccount) that has [domain-wide delegat"
gmail,users.settings.cse.identities,list,GET,gmail/v1/users/{userId}/settings/cse/identities,gmail.users.settings.cse.identities.list,,cursor,,,,https://mail.google.com/ gmail.modify gmail.readonly gmail.settings.basic gmail.settings.sharing,https://www.googleapis.com/auth/gmail.readonly,"Lists the client-side encrypted identities for an authenticated user. For administrators managing identities and keypairs for users in their organization, requests require authorization with a [service account](https://developers.google.com/identity/protocols/OAuth2ServiceAccount) that has [domain-w"
gmail,users.settings.cse.identities,patch,PATCH,gmail/v1/users/{userId}/settings/cse/identities/{emailAddress},gmail.users.settings.cse.identities.patch,yes,,,,,gmail.settings.basic gmail.settings.sharing,https://www.googleapis.com/auth/gmail.settings.basic,"Associates a different key pair with an existing client-side encryption identity. The updated key pair must validate against Google's [S/MIME certificate profiles](https://support.google.com/a/answer/7300887). For administrators managing identities and keypairs for users in their organization, reque"
gmail,users.settings.cse.keypairs,create,POST,gmail/v1/users/{userId}/settings/cse/keypairs,gmail.users.settings.cse.keypairs.create,yes,,,,,gmail.settings.basic gmail.settings.sharing,https://www.googleapis.com/auth/gmail.settings.basic,"Creates and uploads a client-side encryption S/MIME public key certificate chain and private key metadata for the authenticated user. For administrators managing identities and keypairs for users in their organization, requests require authorization with a [service account](https://developers.google"
gmail,users.settings.cse.keypairs,disable,POST,gmail/v1/users/{userId}/settings/cse/keypairs/{keyPairId}:disable,gmail.users.settings.cse.keypairs.disable,yes,,,,,gmail.settings.basic gmail.settings.sharing,https://www.googleapis.com/auth/gmail.settings.basic,"Turns off a client-side encryption key pair. The authenticated user can no longer use the key pair to decrypt incoming CSE message texts or sign outgoing CSE mail. To regain access, use the EnableCseKeyPair to turn on the key pair. After 30 days, you can permanently delete the key pair by using the "
gmail,users.settings.cse.keypairs,enable,POST,gmail/v1/users/{userId}/settings/cse/keypairs/{keyPairId}:enable,gmail.users.settings.cse.keypairs.enable,yes,,,,,gmail.settings.basic gmail.settings.sharing,https://www.googleapis.com/auth/gmail.settings.basic,"Turns on a client-side encryption key pair that was turned off. The key pair becomes active again for any associated client-side encryption identities. For administrators managing identities and keypairs for users in their organization, requests require authorization with a [service account](https:/"
gmail,users.settings.cse.keypairs,get,GET,gmail/v1/users/{userId}/settings/cse/keypairs/{keyPairId},gmail.users.settings.cse.keypairs.get,,,,,,https://mail.google.com/ gmail.modify gmail.readonly gmail.settings.basic gmail.settings.sharing,https://www.googleapis.com/auth/gmail.readonly,"Retrieves an existing client-side encryption key pair. For administrators managing identities and keypairs for users in their organization, requests require authorization with a [service account](https://developers.google.com/identity/protocols/OAuth2ServiceAccount) that has [domain-wide delegation "
gmail,users.settings.cse.keypairs,list,GET,gmail/v1/users/{userId}/settings/cse/keypairs,gmail.users.settings.cse.keypairs.list,,cursor,,,,https://mail.google.com/ gmail.modify gmail.readonly gmail.settings.basic gmail.settings.sharing,https://www.googleapis.com/auth/gmail.readonly,"Lists client-side encryption key pairs for an authenticated user. For administrators managing identities and keypairs for users in their organization, requests require authorization with a [service account](https://developers.google.com/identity/protocols/OAuth2ServiceAccount) that has [domain-wide "
gmail,users.settings.cse.keypairs,obliterate,POST,gmail/v1/users/{userId}/settings/cse/keypairs/{keyPairId}:obliterate,gmail.users.settings.cse.keypairs.obliterate,yes,,,,,gmail.settings.basic gmail.settings.sharing,https://www.googleapis.com/auth/gmail.settings.basic,"Deletes a client-side encryption key pair permanently and immediately. You can only permanently delete key pairs that have been turned off for more than 30 days. To turn off a key pair, use the DisableCseKeyPair method. Gmail can't restore or decrypt any messages that were encrypted by an obliterate"
gmail,users.settings.delegates,create,POST,gmail/v1/users/{userId}/settings/delegates,gmail.users.settings.delegates.create,yes,,,,,gmail.settings.sharing,https://www.googleapis.com/auth/gmail.settings.sharing,"Adds a delegate with its verification status set directly to `accepted`, without sending any verification email. The delegate user must be a member of the same Google Workspace organization as the delegator user. For more information, see [Manage delegates](https://developers.google.com/workspace/gm"
gmail,users.settings.delegates,delete,DELETE,gmail/v1/users/{userId}/settings/delegates/{delegateEmail},gmail.users.settings.delegates.delete,yes,,,,,gmail.settings.sharing,https://www.googleapis.com/auth/gmail.settings.sharing,"Removes the specified delegate (which can be of any verification status), and revokes any verification that may have been required for using it. For more information, see [Manage delegates](https://developers.google.com/workspace/gmail/api/guides/delegate_settings). A delegate user must be referred "
gmail,users.settings.delegates,get,GET,gmail/v1/users/{userId}/settings/delegates/{delegateEmail},gmail.users.settings.delegates.get,,,,,,https://mail.google.com/ gmail.modify gmail.readonly gmail.settings.basic,https://www.googleapis.com/auth/gmail.readonly,"Gets the specified delegate. For more information, see [Manage delegates](https://developers.google.com/workspace/gmail/api/guides/delegate_settings). A delegate user must be referred to by their primary email address, and not an email alias. This method is only available to service account clients "
gmail,users.settings.delegates,list,GET,gmail/v1/users/{userId}/settings/delegates,gmail.users.settings.delegates.list,,,,,,https://mail.google.com/ gmail.modify gmail.readonly gmail.settings.basic,https://www.googleapis.com/auth/gmail.readonly,"Lists the delegates for the specified account. For more information, see [Manage delegates](https://developers.google.com/workspace/gmail/api/guides/delegate_settings). This method is only available to service account clients that have been delegated domain-wide authority."
gmail,users.settings.filters,create,POST,gmail/v1/users/{userId}/settings/filters,gmail.users.settings.filters.create,yes,,,,,gmail.settings.basic,https://www.googleapis.com/auth/gmail.settings.basic,"Creates a filter. Note: you can only create a maximum of 1,000 filters. For more information, see [Manage Gmail filters](https://developers.google.com/workspace/gmail/api/guides/filter_settings)."
gmail,users.settings.filters,delete,DELETE,gmail/v1/users/{userId}/settings/filters/{id},gmail.users.settings.filters.delete,yes,,,,,gmail.settings.basic,https://www.googleapis.com/auth/gmail.settings.basic,"Immediately and permanently deletes the specified filter. For more information, see [Manage Gmail filters](https://developers.google.com/workspace/gmail/api/guides/filter_settings)."
gmail,users.settings.filters,get,GET,gmail/v1/users/{userId}/settings/filters/{id},gmail.users.settings.filters.get,,,,,,https://mail.google.com/ gmail.modify gmail.readonly gmail.settings.basic,https://www.googleapis.com/auth/gmail.readonly,"Gets a filter. For more information, see [Manage Gmail filters](https://developers.google.com/workspace/gmail/api/guides/filter_settings)."
gmail,users.settings.filters,list,GET,gmail/v1/users/{userId}/settings/filters,gmail.users.settings.filters.list,,,,,,https://mail.google.com/ gmail.modify gmail.readonly gmail.settings.basic,https://www.googleapis.com/auth/gmail.readonly,"Lists the message filters of a Gmail user. For more information, see [Manage Gmail filters](https://developers.google.com/workspace/gmail/api/guides/filter_settings)."
gmail,users.settings.forwardingAddresses,create,POST,gmail/v1/users/{userId}/settings/forwardingAddresses,gmail.users.settings.forwardingAddresses.create,yes,,,,,gmail.settings.sharing,https://www.googleapis.com/auth/gmail.settings.sharing,"Creates a forwarding address. If ownership verification is required, a message will be sent to the recipient and the resource's verification status will be set to `pending`; otherwise, the resource will be created with verification status set to `accepted`. For more information, see [Manage email fo"
gmail,users.settings.forwardingAddresses,delete,DELETE,gmail/v1/users/{userId}/settings/forwardingAddresses/{forwardingEmail},gmail.users.settings.forwardingAddresses.delete,yes,,,,,gmail.settings.sharing,https://www.googleapis.com/auth/gmail.settings.sharing,"Deletes the specified forwarding address and revokes any verification that may have been required. For more information, see [Manage email forwarding](https://developers.google.com/workspace/gmail/api/guides/forwarding_settings). This method is only available to service account clients that have bee"
gmail,users.settings.forwardingAddresses,get,GET,gmail/v1/users/{userId}/settings/forwardingAddresses/{forwardingEmail},gmail.users.settings.forwardingAddresses.get,,,,,,https://mail.google.com/ gmail.modify gmail.readonly gmail.settings.basic,https://www.googleapis.com/auth/gmail.readonly,"Gets the specified forwarding address. For more information, see [Manage email forwarding](https://developers.google.com/workspace/gmail/api/guides/forwarding_settings)."
gmail,users.settings.forwardingAddresses,list,GET,gmail/v1/users/{userId}/settings/forwardingAddresses,gmail.users.settings.forwardingAddresses.list,,,,,,https://mail.google.com/ gmail.modify gmail.readonly gmail.settings.basic,https://www.googleapis.com/auth/gmail.readonly,"Lists the forwarding addresses for the specified account. For more information, see [Manage email forwarding](https://developers.google.com/workspace/gmail/api/guides/forwarding_settings)."
gmail,users.settings.sendAs,create,POST,gmail/v1/users/{userId}/settings/sendAs,gmail.users.settings.sendAs.create,yes,,,,,gmail.settings.sharing,https://www.googleapis.com/auth/gmail.settings.sharing,"Creates a custom ""from"" send-as alias. If an SMTP MSA is specified, Gmail will attempt to connect to the SMTP service to validate the configuration before creating the alias. If ownership verification is required for the alias, a message will be sent to the email address and the resource's verificat"
gmail,users.settings.sendAs,delete,DELETE,gmail/v1/users/{userId}/settings/sendAs/{sendAsEmail},gmail.users.settings.sendAs.delete,yes,,,,,gmail.settings.sharing,https://www.googleapis.com/auth/gmail.settings.sharing,"Deletes the specified send-as alias. Revokes any verification that may have been required for using it. For more information, see [Manage aliases and signatures with the Gmail API](https://developers.google.com/workspace/gmail/api/guides/alias_and_signature_settings). This method is only available t"
gmail,users.settings.sendAs,get,GET,gmail/v1/users/{userId}/settings/sendAs/{sendAsEmail},gmail.users.settings.sendAs.get,,,,,,https://mail.google.com/ gmail.modify gmail.readonly gmail.settings.basic,https://www.googleapis.com/auth/gmail.readonly,"Gets the specified send-as alias. Fails with an HTTP 404 error if the specified address is not a member of the collection. For more information, see [Manage aliases and signatures with the Gmail API](https://developers.google.com/workspace/gmail/api/guides/alias_and_signature_settings)."
gmail,users.settings.sendAs,list,GET,gmail/v1/users/{userId}/settings/sendAs,gmail.users.settings.sendAs.list,,,,,,https://mail.google.com/ gmail.modify gmail.readonly gmail.settings.basic,https://www.googleapis.com/auth/gmail.readonly,"Lists the send-as aliases for the specified account. The result includes the primary send-as address associated with the account as well as any custom ""from"" aliases. For more information, see [Manage aliases and signatures with the Gmail API](https://developers.google.com/workspace/gmail/api/guides"
gmail,users.settings.sendAs,patch,PATCH,gmail/v1/users/{userId}/settings/sendAs/{sendAsEmail},gmail.users.settings.sendAs.patch,yes,,,,,gmail.settings.basic gmail.settings.sharing,https://www.googleapis.com/auth/gmail.settings.basic,"Patch the specified send-as alias. For more information, see [Manage aliases and signatures with the Gmail API](https://developers.google.com/workspace/gmail/api/guides/alias_and_signature_settings)."
gmail,users.settings.sendAs,update,PUT,gmail/v1/users/{userId}/settings/sendAs/{sendAsEmail},gmail.users.settings.sendAs.update,yes,,,,,gmail.settings.basic gmail.settings.sharing,https://www.googleapis.com/auth/gmail.settings.basic,"Updates a send-as alias. If a signature is provided, Gmail will sanitize the HTML before saving it with the alias. For more information, see [Manage aliases and signatures with the Gmail API](https://developers.google.com/workspace/gmail/api/guides/alias_and_signature_settings). Addresses other than"
gmail,users.settings.sendAs,verify,POST,gmail/v1/users/{userId}/settings/sendAs/{sendAsEmail}/verify,gmail.users.settings.sendAs.verify,yes,,,,,gmail.settings.sharing,https://www.googleapis.com/auth/gmail.settings.sharing,"Sends a verification email to the specified send-as alias address. The verification status must be `pending`. For more information, see [Manage aliases and signatures with the Gmail API](https://developers.google.com/workspace/gmail/api/guides/alias_and_signature_settings). This method is only avail"
gmail,users.settings.sendAs.smimeInfo,delete,DELETE,gmail/v1/users/{userId}/settings/sendAs/{sendAsEmail}/smimeInfo/{id},gmail.users.settings.sendAs.smimeInfo.delete,yes,,,,,gmail.settings.basic gmail.settings.sharing,https://www.googleapis.com/auth/gmail.settings.basic,"Deletes the specified S/MIME config for the specified send-as alias. For more information, see [Manage S/MIME certificates with the Gmail API](https://developers.google.com/workspace/gmail/api/guides/smime_certs)."
gmail,users.settings.sendAs.smimeInfo,get,GET,gmail/v1/users/{userId}/settings/sendAs/{sendAsEmail}/smimeInfo/{id},gmail.users.settings.sendAs.smimeInfo.get,,,,,,https://mail.google.com/ gmail.modify gmail.readonly gmail.settings.basic gmail.settings.sharing,https://www.googleapis.com/auth/gmail.readonly,"Gets the specified S/MIME config for the specified send-as alias. For more information, see [Manage S/MIME certificates with the Gmail API](https://developers.google.com/workspace/gmail/api/guides/smime_certs)."
gmail,users.settings.sendAs.smimeInfo,insert,POST,gmail/v1/users/{userId}/settings/sendAs/{sendAsEmail}/smimeInfo,gmail.users.settings.sendAs.smimeInfo.insert,yes,,,,,gmail.settings.basic gmail.settings.sharing,https://www.googleapis.com/auth/gmail.settings.basic,"Insert (upload) the given S/MIME config for the specified send-as alias. Note that `pkcs12` format is required for the key. For more information, see [Manage S/MIME certificates with the Gmail API](https://developers.google.com/workspace/gmail/api/guides/smime_certs)."
gmail,users.settings.sendAs.smimeInfo,list,GET,gmail/v1/users/{userId}/settings/sendAs/{sendAsEmail}/smimeInfo,gmail.users.settings.sendAs.smimeInfo.list,,,,,,https://mail.google.com/ gmail.modify gmail.readonly gmail.settings.basic gmail.settings.sharing,https://www.googleapis.com/auth/gmail.readonly,"Lists S/MIME configs for the specified send-as alias. For more information, see [Manage S/MIME certificates with the Gmail API](https://developers.google.com/workspace/gmail/api/guides/smime_certs)."
gmail,users.settings.sendAs.smimeInfo,setDefault,POST,gmail/v1/users/{userId}/settings/sendAs/{sendAsEmail}/smimeInfo/{id}/setDefault,gmail.users.settings.sendAs.smimeInfo.setDefault,yes,,,,,gmail.settings.basic gmail.settings.sharing,https://www.googleapis.com/auth/gmail.settings.basic,"Sets the default S/MIME config for the specified send-as alias. For more information, see [Manage S/MIME certificates with the Gmail API](https://developers.google.com/workspace/gmail/api/guides/smime_certs)."
gmail,users.threads,delete,DELETE,gmail/v1/users/{userId}/threads/{id},gmail.users.threads.delete,yes,,,,,https://mail.google.com/,https://mail.google.com/,"Immediately and permanently deletes the specified thread. Any messages that belong to the thread are also deleted. This operation cannot be undone. Prefer `threads.trash` instead. For more information, see [Manage threads](https://developers.google.com/workspace/gmail/api/guides/threads)."
gmail,users.threads,get,GET,gmail/v1/users/{userId}/threads/{id},gmail.users.threads.get,,,,,,https://mail.google.com/ gmail.addons.current.message.action gmail.addons.current.message.metadata gmail.addons.current.message.readonly gmail.metadata gmail.modify gmail.readonly,https://www.googleapis.com/auth/gmail.metadata,"Gets the specified thread. For more information, see [Manage threads](https://developers.google.com/workspace/gmail/api/guides/threads)."
gmail,users.threads,list,GET,gmail/v1/users/{userId}/threads,gmail.users.threads.list,,cursor,,,,https://mail.google.com/ gmail.metadata gmail.modify gmail.readonly,https://www.googleapis.com/auth/gmail.metadata,"Lists the threads in the user's mailbox. For more information, see [Manage threads](https://developers.google.com/workspace/gmail/api/guides/threads)."
gmail,users.threads,modify,POST,gmail/v1/users/{userId}/threads/{id}/modify,gmail.users.threads.modify,yes,,,,,https://mail.google.com/ gmail.modify,https://www.googleapis.com/auth/gmail.modify,"Modifies the labels applied to the thread. This applies to all messages in the thread. For more information, see [Manage threads](https://developers.google.com/workspace/gmail/api/guides/threads)."
gmail,users.threads,trash,POST,gmail/v1/users/{userId}/threads/{id}/trash,gmail.users.threads.trash,yes,,,,,https://mail.google.com/ gmail.modify,https://www.googleapis.com/auth/gmail.modify,"Moves the specified thread to the trash. Any messages that belong to the thread are also moved to the trash. For more information, see [Manage threads](https://developers.google.com/workspace/gmail/api/guides/threads)."
gmail,users.threads,untrash,POST,gmail/v1/users/{userId}/threads/{id}/untrash,gmail.users.threads.untrash,yes,,,,,https://mail.google.com/ gmail.modify,https://www.googleapis.com/auth/gmail.modify,"Removes the specified thread from the trash. Any messages that belong to the thread are also removed from the trash. For more information, see [Manage threads](https://developers.google.com/workspace/gmail/api/guides/threads)."
